"alpha","gamma"
"a",-0.636595725683567
"b",-0.458949310080399
"c",0.896633510425474
"d",-0.357722274917385
"e",-0.577470987427445
"f",-1.164193650196
