"alpha","beta","gamma"
"a",1,-0.636595725683567
"b",2,-0.458949310080399
"c",3,0.896633510425474
"d",4,-0.357722274917385
"e",5,-0.577470987427445
"f",6,-1.164193650196
"g",7,1.26997720005553
"h",8,0.0963947574227319
"i",9,-0.25901231450913
"j",10,2.06833119271844
